cpaid,beta.outcome,se.outcome,effect_allele.outcome,other_allele.outcome,eaf.outcome,pval.outcome,SNP,beta.exposure,se.exposure,effect_allele.exposure,other_allele.exposure,eaf.exposure,pval.exposure,id.exposure,f1,Wald,Waldvar
10:1012315:A:G,-0.013016,0.0109204,A,G,0.725704,0.2332993,rs10795302,-0.13259591791651218,0.02808844708508736,G,A,0.211479,2.35084e-6,be20hj,22.28460034872071,0.09816290127570448,0.0067829213971125025
11:35544832:C:T,-0.001765,0.0147908,T,C,0.890695,0.905013,rs12800242,0.19608860291073643,0.04110637854228657,T,C,0.91811,1.83979e-6,be20hj,22.755494101982237,-0.009001033072806707,0.005689559252969845
15:54797917:C:T,-0.009535,0.018609,T,C,0.933329,0.6083812,rs72738425,-0.1967063940843845,0.04171195161282941,T,C,0.918888,2.40722e-6,be20hj,22.23903479599826,0.04847325906401196,0.008949713181372623
16:50646908:A:G,-0.027037,0.0413166,G,A,0.974936,0.512863,rs74460821,-0.5409063080940856,0.1114371634741388,G,A,0.986327,1.2105e-6,be20hj,23.560472424177316,0.049984626903809684,0.005834519004035183
16:80891881:C:T,-0.063719,0.0320083,C,T,0.97468,0.0465134,rs76233293,-0.255835658371833,0.05314069439097203,C,T,0.951605,1.47713e-6,be20hj,23.177559388025397,0.24906223161194538,0.015653197506278086
16:88146661:C:G,0.029501,0.0172718,C,G,0.135256,0.0876285,rs71392336,0.15413124144390802,0.03355296664556431,G,C,0.837493,4.35529e-6,be20hj,21.101800003602563,0.1914018191486254,0.012557229972189261
2:109376756:C:T,-0.004928,0.0191457,T,C,0.932189,0.7968736,rs143115410,-0.2698776017594747,0.05645754316604785,T,C,0.956572,1.7513e-6,be20hj,22.850185700092442,0.018260129658303485,0.005032790063132946
2:201371768:G:T,-0.009077,0.0112712,T,G,0.750519,0.4206319,rs3739116,0.11876082734001785,0.02561644833547703,G,T,0.264901,3.55021e-6,be20hj,21.49357205365111,-0.07643092594843687,0.009007284562442854
2:223563611:C:T,-0.03841,0.0290514,C,T,0.967649,0.186122,rs16864025,-0.29571673631323064,0.06375715295760387,C,T,0.967142,3.5150199999999995e-6,be20hj,21.51265327494675,0.12988781250214784,0.009651222394743952
2:78471314:A:C,0.008322,0.0126812,C,A,0.821789,0.5116655,rs2839828,0.12763310029577846,0.0259272774516088,C,A,0.7265659999999999,8.53422e-7,be20hj,24.23331385385858,0.06520252176523565,0.009871748142578246
2:83786740:C:T,-0.029179,0.0220634,C,T,0.942725,0.1859993,rs77260306,-0.30360788939125877,0.06609412756136167,C,T,0.967528,4.3572500000000005e-6,be20hj,21.100869755848237,0.09610751571213978,0.005281031668881452
3:4510168:C:T,-0.014479,0.0122119,T,C,0.762703,0.2357633,rs2633842,-0.13268436222973126,0.02743311302605032,T,C,0.736313,1.32047e-6,be20hj,23.393181851637237,0.10912363564691135,0.008470850091324833
4:10096241:A:T,-0.009776,0.0094289,T,A,0.535424,0.299823,rs2278122,0.10916304986979532,0.023664745101644052,T,A,0.594668,3.97092e-6,be20hj,21.278825821969594,-0.08955411205220415,0.007460548156131401
4:10395384:A:G,0.026124,0.011696,G,A,0.746293,0.0255099,rs10006210,0.1816522506619594,0.02657235455277488,G,A,0.726712,8.13563e-12,be20hj,46.732766266548985,0.14381324704098888,0.004145654957700982
4:88831249:A:G,0.016044,0.0102262,A,G,0.675589,0.1166694,rs11934731,0.12872859447586835,0.02545419372629861,G,A,0.291684,4.2534e-7,be20hj,25.57592587906,0.12463431349751614,0.006310714161371056
4:89043634:C:G,-0.023074,0.0150439,G,C,0.887855,0.1250834,rs45499402,-0.23500193376659817,0.03291417068717148,G,C,0.861518,9.34283e-13,be20hj,50.97732447845178,0.09818642608667592,0.004098057086324987
4:9459389:C:T,0.035269,0.0367792,T,C,0.041382,0.3375896,rs190212799,-0.21874351338631548,0.04533392473335032,C,T,0.914344,1.39897e-6,be20hj,23.282184590785867,-0.16123449538689918,0.028270545611708057
4:9939205:A:G,0.009319,0.0099394,A,G,0.673654,0.3484615,rs938558,0.29793657969516923,0.02319892151648682,G,A,0.469463,9.4522e-38,be20hj,164.93471115344875,0.03127846875846745,0.00111294238365561
4:9976596:C:T,0.012253,0.0376634,T,C,0.975746,0.7449322,rs114470224,0.48450631026248814,0.10449092612897463,T,C,0.98457,3.5379900000000004e-6,be20hj,21.50016132042202,0.02528966030052687,0.0060428271230888
6:104306477:A:G,0.012961,0.0262499,A,G,0.964087,0.6214799,rs76879454,0.2161113238292833,0.0471817804496666,A,G,0.936342,4.64095e-6,be20hj,20.98004409508206,0.059973719888174466,0.014753676588508687
8:144550160:A:G,-0.004733,0.0218928,G,A,0.943674,0.8288402,rs11786665,0.25687877632196876,0.05614142636991287,G,A,0.956395,4.74938e-6,be20hj,20.93580008538388,-0.0184250332696529,0.007263503861517887
9:109753580:A:G,-0.011973,0.0706265,G,A,0.989793,0.8653833,rs150997880,-0.40148378011891106,0.08074184052076798,A,G,0.0209055,6.6118e-7,be20hj,24.725137708355067,0.02982187722864881,0.030945632256947107
9:16669394:A:C,-0.034944,0.0283649,A,C,0.967161,0.2179695,rs17740450,-0.4199448316994074,0.08634335965069023,A,C,0.978492,1.15231e-6,be20hj,23.655198408245433,0.08321093001333231,0.004562238993998194
