"","cpaid","beta.outcome","se.outcome","effect_allele.outcome","other_allele.outcome","eaf.outcome","pval.outcome","SNP","beta.exposure","se.exposure","effect_allele.exposure","other_allele.exposure","eaf.exposure","pval.exposure","id.exposure","f1","Wald","Waldvar"
"1","10:1012315:A:G",-0.013016,0.0109204,"A","G",0.725704,0.2332993,"rs10795302",-0.1325959,0.0280885,"G","A",0.211479,2.35e-06,"BB1Q85",22.2845103642709,0.0981629145395898,0.00678292323014508
"7","11:35544832:C:T",-0.001765,0.0147908,"T","C",0.890695,0.905013,"rs12800242",0.1960886,0.0411064,"T","C",0.91811,1.84e-06,"BB1Q85",22.7554696694977,-0.00900103320641792,0.00568955942188132
"9","15:54797917:C:T",-0.009535,0.018609,"T","C",0.933329,0.6083812,"rs72738425",-0.1967064,0.0417119,"T","C",0.918888,2.41e-06,"BB1Q85",22.2390911692289,0.0484732576062599,0.00894971264307736
"10","16:50646908:A:G",-0.027037,0.0413166,"G","A",0.974936,0.512863,"rs74460821",-0.5409063,0.1114372,"G","A",0.986327,1.21e-06,"BB1Q85",23.5604562741955,0.0499846276517763,0.00583451917864989
"11","16:80891881:C:T",-0.063719,0.0320083,"C","T",0.97468,0.0465134,"rs76233293",-0.2558357,0.0531407,"C","T",0.951605,1.48e-06,"BB1Q85",23.1775620378675,0.24906219108592,0.0156531924122754
"12","16:88146661:C:G",0.029501,0.0172718,"C","G",0.135256,0.0876285,"rs71392336",0.1541312,0.033553,"G","C",0.837493,4.36e-06,"BB1Q85",21.1017467018003,0.191401870614126,0.0125572367251472
"14","2:109376756:C:T",-0.004928,0.0191457,"T","C",0.932189,0.7968736,"rs143115410",-0.2698776,0.0564575,"T","C",0.956572,1.75e-06,"BB1Q85",22.8502203435663,0.0182601297773509,0.00503279012875578
"19","2:201371768:G:T",-0.009077,0.0112712,"T","G",0.750519,0.4206319,"rs3739116",0.1187608,0.0256164,"G","T",0.264901,3.55e-06,"BB1Q85",21.49364326985,-0.0764309435436609,0.00900728870959156
"20","2:223563611:C:T",-0.03841,0.0290514,"C","T",0.967649,0.186122,"rs16864025",-0.2957167,0.0637572,"C","T",0.967142,3.52e-06,"BB1Q85",21.5126162459269,0.129887828452029,0.0096512247650334
"26","2:78471314:A:C",0.008322,0.0126812,"C","A",0.821789,0.5116655,"rs2839828",0.1276331,0.0259273,"C","A",0.726566,8.53e-07,"BB1Q85",24.2332715912211,0.0652025219163367,0.00987174818833206
"30","2:83786740:C:T",-0.029179,0.0220634,"C","T",0.942725,0.1859993,"rs77260306",-0.3036079,0.0660941,"C","T",0.967528,4.36e-06,"BB1Q85",21.1008888286799,0.0961075123539276,0.00528103129981927
"31","3:4510168:C:T",-0.014479,0.0122119,"T","C",0.762703,0.2357633,"rs2633842",-0.1326844,0.0274331,"T","C",0.736313,1.32e-06,"BB1Q85",23.3932173855371,0.109123604583508,0.00847084526865934
"214","4:10096241:A:T",-0.009776,0.0094289,"T","A",0.535424,0.299823,"rs2278122",0.1091631,0.0236647,"T","A",0.594668,3.97e-06,"BB1Q85",21.2789264745826,-0.0895540709268975,0.00746054130402258
"526","4:10395384:A:G",0.026124,0.011696,"G","A",0.746293,0.0255099,"rs10006210",0.1816522,0.0265724,"G","A",0.726712,8.14e-12,"BB1Q85",46.7325803439995,0.143813287149839,0.00414565727010934
"554","4:88831249:A:G",0.016044,0.0102262,"A","G",0.675589,0.1166694,"rs11934731",0.1287286,0.0254542,"G","A",0.291684,4.25e-07,"BB1Q85",25.5759154667341,0.124634308149083,0.00631071361974759
"587","4:89043634:C:G",-0.023074,0.0150439,"G","C",0.887855,0.1250834,"rs45499402",-0.2350019,0.0329142,"G","C",0.861518,9.34e-13,"BB1Q85",50.9772190299339,0.0981864401947388,0.00409805826399595
"612","4:9459389:C:T",0.035269,0.0367792,"T","C",0.041382,0.3375896,"rs190212799",-0.2187435,0.0453339,"C","T",0.914344,1.4e-06,"BB1Q85",23.2822071458899,-0.16123450525387,0.0282705490718196
"748","4:9939205:A:G",0.009319,0.0099394,"A","G",0.673654,0.3484615,"rs938558",0.2979366,0.0231989,"G","A",0.469463,9.45e-38,"BB1Q85",164.935039581616,0.0312784666267924,0.0011129422319582
"956","4:9976596:C:T",0.012253,0.0376634,"T","C",0.975746,0.7449322,"rs114470224",0.4845063,0.1044909,"T","C",0.98457,3.54e-06,"BB1Q85",21.5001711622714,0.0252896608361955,0.00604282737907904
"1019","6:104306477:A:G",0.012961,0.0262499,"A","G",0.964087,0.6214799,"rs76879454",0.2161113,0.0471818,"A","G",0.936342,4.64e-06,"BB1Q85",20.9800220817499,0.0599737265011131,0.0147536798421059
"1021","8:144550160:A:G",-0.004733,0.0218928,"G","A",0.943674,0.8288402,"rs11786665",0.2568788,0.0561414,"G","A",0.956395,4.75e-06,"BB1Q85",20.9358236122569,-0.0184250315713091,0.00726350252247813
"1022","9:109753580:A:G",-0.011973,0.0706265,"G","A",0.989793,0.8653833,"rs150997880",-0.4014838,0.0807418,"A","G",0.0209055,6.61e-07,"BB1Q85",24.725164974018,0.0298218757518983,0.0309456291921517
"1023","9:16669394:A:C",-0.034944,0.0283649,"A","C",0.967161,0.2179695,"rs17740450",-0.4199448,0.0863434,"A","C",0.978492,1.15e-06,"BB1Q85",23.6551727283255,0.0832109362944844,0.00456223968275671
